Editor,10000,male,5
Motion Graphics designer,11000,male,18
Freelancer,12000,female,22
Freelance Writer,12000,female,3
Freelance Reporter,12000,female,2
Copy Editor,12500,female,12
Graphic Artist,12694,male,13
Staff Writer,13000,female,3
Midday radio host,16000,male,35
Associate Editor,18000,male,2
Community reporter,19000,female,29
Copy Editor,20000,female,40
Journalist,21400,female,5
Senior Reporter,21840,male,5
Digital Content Specialist ,22600,male,8
Health Reporter,23500,female,10
Reporter,24000,female,4
Assistant Editor,24000,male,4
Reporter,24000,female,2.5
Reporter,24622,female,2
Reporter   Content Provider,25000,male,10
Reporter   Content Provider,25000,male,10
Editor,25000,male,10
Freelance Journalist,25000,male,5
Podcast Sidekick and Honorary Producer,25000,male,2
Reporter ,25000,female,2
Sports anchor reporter,25000,female,1
sports anchor reporter,25000,female,1
Digital Producer,25500,female,1
Freelance journalist,26000,male,38
Staff Reporter,26000,female,3
Staff writer,26000,female,2
Assistant Editor,26000,female,1
Reporter,26000,male,1
Staff reporter,26000,female,1
Staff reporter,26500,male,5
Sports Education reporter,27000,male,5
Managing Editor ,27000,female,5
Reporter,27000,female,4
Reporter,27000,female,2
Reporter,27100,female,1
Staff writer,27500,male,7
Sports MMJ,27560,male,1
Reporter,28000,male,4
Television and Digital Content Producer,28000,female,4
Reporter,28000,male,3
reporter,28000,male,2
Digital reporter,28000,female,2
Reporter,28080,female,2
Reporter,28600,female,2.5
Reporter,28600,male,2
Prep sports reporter,29000,male,8
Sports reporter,29000,female,3
Weekend Anchor Producer and MMJ,29000,male,2
Sports reporter,29000,male,0
Sports writer,29500,male,10
Online Editor,29500,male,2
Part-time Digital Content Producer,29744,female,9
Reporter,30000,female,10
Editor,30000,female,8
Managing editor,30000,female,7
Digital Editor,30000,female,6
Reporter multi-media journalist,30000,female,6
Magazine Editor,30000,male,5
Advisor,30000,male,5
Reporter,30000,female,4
Reporter,30000,male,2
Reporter,30000,female,2
Reporter Producer Host,30000,female,2
Graphic Designer and Social Media Contributor,30000,male,1.5
Copy Editor Page Designer,30000,male,1
Reporter ,30000,female,1
News Reporter Staff Writer,30000,female,1
Editorial Assistant,30000,female,0
Managing editor,30200,female,6
Crime reporter,30680,male,8
Reporter,31000,female,10
Reporter,31000,male,3
Multimedia Journalist,31000,male,1.5
Communications Specialist,31138,male,4
Multimedia journalist,31200,male,8
Staff Photographer,31500,male,13
reporter,31500,female,6
Producer,31500,female,3
reporter ,32000,male,8
Creative Services Promotions Producer,32000,male,5
Associate Web Editor,32000,female,5
Reporter assistant editor,32000,female,3
Reporter,32000,female,3
Website Producer,32000,female,3
Photojournalist,32000,male,2.5
Reporter,32000,male,2.5
Staff Writer,32000,female,2
Reporter,32000,male,2
Beauty Assistant,32000,female,2
Local reporter in southeast Wisconsin,32000,male,1
Reporter,32000,female,1
Reporter,32200,female,12
Staff Photographer,32500,male,1.5
Staff Writer,33000,female,25
Reporter,33000,male,2
Producer Writer,33000,female,2
Reporter,33000,female,2
Community reporter ,33000,female,2
Photojournalist,33000,female,1.5
Editorial Assistant,33000,female,1
General Assignment Reporter,33000,female,1
Reporter,33000,female,1
Staff Writer,33150,female,2
Reporter,33500,male,4
Digital Producer I,33800,female,1.5
Editorial Assistant,33950,female,25
Journalist,34000,female,10
Reporter + Photographer,34000,male,9
Reporter,34000,female,5.5
Managing Editor and Writer,34000,female,4
University Photographer,34000,female,3.5
Editor,34000,male,3
Reporter,34000,male,3
Staff Reporter,34000,female,2
Bureau Chief,34000,male,2
Photojournalist,34000,female,1.5
Government reporter photojournalist,34000,female,1
Reporter,34000,female,1
Lifestyle Editor,34100,female,5
Reporter,34400,female,2
Editorial Assistant,35000,female,35
Radio news Anchor,35000,female,7
Photojournalist,35000,male,7
Staff Writer,35000,male,7
Senior Editor,35000,male,6
Multimedia reporter,35000,female,5
Staff Writer,35000,male,5
Associate Editor,35000,female,5
Sports reporter,35000,male,5
Features Reporter,35000,female,5
reporter,35000,female,4
Reporter,35000,male,4
Graphic Designer and Marketing Coordinator,35000,female,4
reporter,35000,female,3.5
Photographer,35000,male,3
Reporter,35000,female,3
Managing Editor,35000,female,3
Reporter,35000,female,3
Page designer,35000,female,2.5
Executive Assistant ,35000,female,2
Reporter,35000,female,2
Staff Reporter,35000,female,2
visual producer,35000,female,2
Editorial Assistant,35000,female,2
Reporter,35000,male,1
Reporter,35000,female,1
MMJ,35000,male,1
Digital Producer,35000,female,1
General Assignment Reporter  Features  ,35000,female,1
Editorial assistant,35000,female,1
Editorial Assistant,35000,female,0
product management fellow,35000,female,0
Assistant Editor,35000,female,0
Reporter,35152,male,1
Reporter ,35300,female,2
Digital Editor,35360,male,6
News Reporter,35360,female,4
Reporter,35500,female,5
Digital Coordinator,35500,female,4
Senior researcher writer,36000,female,20
Associate Editor,36000,male,6
Community reporter ,36000,male,5
Production Associate,36000,female,5
Reporter,36000,male,5
Advertorial,36000,male,4
Publicity Assistant,36000,female,4
Reporter,36000,male,3
Reporter,36000,female,3
Reporter,36000,female,3
Reporter ,36000,male,3
Staff Writer,36000,female,2.5
News Editor,36000,male,2
Reporter,36000,female,2
Sports reporter,36000,male,2
Staff Reporter,36000,male,2
Sales Associate,36000,female,2
Science Writer   Tech Marketing Associate,36000,female,1.5
Producer,36000,female,1.5
Producer,36000,female,1
Reporter,36057,male,14
Reporter,36400,female,10
Page designer copy editor,36414,male,7
Health Reporter Staff Writer,36500,male,11
copywriter,36560,female,4
Associate Editor,37000,male,25
Digital producer assignment editor,37000,female,9
photographer,37000,male,5
Managing Editorial Assistant,37000,male,4
Reporter,37000,female,3
Copy Editor,37000,female,3
Assistant editor,37000,female,3
News Editor,37000,male,3
Reporter,37000,female,2
Digital News Editor,37000,male,1
Digital producer assignment editor,37000,female,1
Assistant Copy Editor,37000,female,1
Production assistant,37000,female,1
Editor,37200,male,3
News reporter,37440,male,8
Columnist,37500,female,10
Reporter,37500,female,7
Reporter,37500,female,3
Assistant Editor,37500,female,2
Staff Photographer Videographer,38000,male,21
Reporter,38000,male,5
Advertising Coordinator,38000,female,5
Digital Content Coordinator,38000,female,4
Reporter,38000,female,3
Assistant Editor,38000,female,3
Producer,38000,female,2
Page designer,38000,female,2
Enterprise reporter,38250,female,2
editor,38500,male,40
Reporter,38500,female,7
Reporter,38500,female,4.5
Associate editor,38500,female,3
Reporter,38500,female,2
Reporter Producer,38500,female,1.5
Assistant Editor,38532,female,3
Retired,38578,male,24
Editor,39000,male,4.5
Science Writer,39000,female,4.5
Sports Reporter,39000,male,4
Reporter,39000,male,4
Reporter,39000,female,4
Web Manager,39000,female,3
Reporter,39000,female,3
Assistant Editor,39000,female,2.5
Reporting Fellow,39000,female,1
Reporter,39500,male,24
Staff writer,39500,female,20
Reporter,39500,female,9
Reporter,39500,female,7
Staff Writer,40000,male,19
Associate news producer,40000,female,17
Writer Editor,40000,male,16
News Director,40000,male,12
Business Reporter,40000,female,9
Staff Writer,40000,female,9
Multi-media journalist,40000,female,6
freelance writer and content creator,40000,female,6
Senior community editor,40000,female,6
Afternoon Show Host,40000,male,5
Staff Writer,40000,female,5
Assistant Edior,40000,female,5
Fellow,40000,female,5
Digital Program Director,40000,female,5
Editorial Assistant,40000,female,5
Associate Editor,40000,male,5
Staff writer,40000,female,5
Staff Photographer,40000,female,3.5
Anchor,40000,male,3
Web Editor,40000,female,3
Publishing Assistant and Digital Content Coordinator,40000,female,3
Reporter,40000,male,3
Fellow,40000,female,3
Producer,40000,female,2.5
Reporter,40000,female,2
Assistant Editor,40000,female,2
Assignment Editor,40000,female,2
Print planning producer,40000,female,2
assistant editor,40000,female,2
Breaking news reporter,40000,female,1
Social Media Producer,40000,female,1
GA Reporter,40000,female,1
Assistant Editor,40000,female,0
Editorial Assistant Executive Assistant to the Editor-in-Chief,40000,female,0
Staff Writer,40560,male,6.5
Editorial Assistant,40800,female,7
Reporter,40800,male,6
Reporter,40800,male,5
Reporter,40800,male,3
City hall and county courts reporter,40820,male,6
Associate Digital Content Producer,41000,female,20
Reporter,41000,female,18
Data reporter,41000,female,10
Data Journalist,41000,female,6
Reporter,41000,female,6
Reporter,41000,female,5
Editor,41000,female,4
Digital Producer,41000,female,4
Coordinator,41000,female,3
Reporter,41000,female,3
Staff Writer,41000,male,3
Editorial assistant,41000,female,3
Assistant Editor,41000,male,3
Reporter,41000,male,3
Inclusion Reporter,41000,female,1
Digital team,41000,female,1
Reporter,41250,male,12
Reporter,41500,female,8
Marketing Associate,41500,male,7
DIgital Producer,41600,female,7.5
Reporter,41600,female,7.5
Reporter,42000,male,15
Reporter,42000,male,14
Business Reporter,42000,male,7
Social media producer,42000,female,6
Copy Editor Page Designer,42000,female,5
Writer and editor,42000,female,5
Digital Editor,42000,male,5
Digital Producer,42000,female,5
Development Director,42000,female,4.5
Regional editor,42000,male,4.5
Print Production Specialist,42000,female,4
Creative Coordinator,42000,female,4
Reporter,42000,female,4
FACT-CHECKER,42000,female,3.5
Production Coordinator,42000,female,3.5
Executive editor,42000,female,3
Reporter,42000,female,3
Reporter,42000,female,3
Reporter,42000,male,3
Assistant Editor,42000,female,3
reporter,42000,female,3
Associate Editor,42000,female,3
Assistant Editor,42000,female,3
Associate Editor,42000,female,3
Associate Editor,42000,female,3
Associate Editor,42000,female,3
Digital Producer,42000,female,2
Engagement manager,42000,female,2
Line Producer,42000,male,2
Sawyer,42000,male,2
Afternoon Newscaster   General Assignment Reporter,42000,male,2
Digital News Producer,42000,female,1
Features reporter,42000,female,1
Reporter -  the real time team ,42000,female,1
Copy Editor,42000,male,1
Digital editor,42420,male,8
Senior Writer,42500,male,7
Local Editor,43000,female,17
Producer,43000,female,10
Editor,43000,female,9
Engagement editor & reporter,43000,female,7
Assistant Editor,43000,female,3.5
Reviews Editor,43000,male,3
Staff Writer,43000,female,3
Reporter,43000,female,3
Online News Editor,43000,female,2.5
Assistant Editor,43000,female,2
Reporter,43000,female,2
Reporter,43000,male,2
Social Media Coordinator,43260,female,5
Social Media Specialist,43493,female,4.5
Promotions Producer,43500,female,3
GA Reporter,43520,female,10
social media editor,44000,male,17
Reporter,44000,female,9
Reporter,44000,female,8
Reporter,44000,female,8
Reporter,44000,female,7
Reporter,44000,female,6
Associate Editor,44000,female,5
Photographer Videographer,44450,male,10
Producer,45000,female,7
Temporary Producer - Social media desk,45000,male,7
Senior Producer,45000,female,6
Editor,45000,male,5
Reporter,45000,female,5
Digital editor,45000,female,5
Reporter,45000,female,5
News Producer,45000,female,5
Reporter,45000,female,5
Creative Content Coordinator,45000,female,5
editorial assistant,45000,female,5
Associate Editor,45000,female,4
Reporter,45000,female,4
Reporter,45000,female,4
Reporter,45000,female,4
Literary Assistant,45000,female,4
Reporter,45000,female,4
Assistant Managing Editor,45000,female,4
Reporter,45000,female,4
Reporter,45000,male,3
Digital Writer,45000,female,3
Reporter,45000,female,3
Digital Producer,45000,female,3
Social Media Coordinator,45000,female,3
reporter editor,45000,female,3
Reporter,45000,female,3
Digital Strategist,45000,female,3
Staff Photographer,45000,female,2
Reporter,45000,female,2
Staff Writer,45000,female,2
Reporter,45000,female,2
Associate editor,45000,male,2
Reporter,45000,male,2
Reporter,45000,male,2
Staff writer,45000,female,2
Associate Producer,45000,female,1
Engagement Editor,45000,female,1
Editorial Executive Assistant,45000,female,1
Associate Editor,45000,female,1
Producer & Host ,45000,female,1
Assistant Editor,45000,male,1
Engagement editor,45000,female,0
Editor,45200,female,2
Senior Staff Writer,45450,male,5
Editor,45900,female,2
Reporter,46000,female,12
Content Editor,46000,female,10
Reporter,46000,female,6
Breaking News Reporter,46000,female,5
Multimedia Reporter,46000,female,5
Associate Video Producer,46000,male,4.5
Editorial Associate,46000,female,4
Associate Editor,46000,male,3.5
Staff Photographer,46500,male,25
web producer,46800,female,4
Reporter,47000,female,12
Senior writer,47000,female,12
Photographer,47000,male,8
Reporter,47000,male,7
Anchor Reporter,47000,female,6
Reporter,47000,female,3
Researcher Archivist,47000,female,3
Junior Designer,47000,female,3
Reporter,47000,female,2.5
Deputy director for multimedia,47000,female,2
Staff Writer,47000,female,2
Reporter,47000,female,2
Managing editor,47250,male,8
Visuals journalist,47250,female,3
Web and Social Media Producer,47300,female,10
Reporter Editor,47387,female,10
Senior Reporter,47500,male,15
Local Reporter,47500,female,7
Visual journalist - supervisor,47500,female,6
reporter,47500,female,4
Reporter,47500,female,4
Reporter Producer,47500,female,4
Producer Host,48000,female,16
Staff writer,48000,female,15
Production Associate,48000,female,10
Staff Writer Associate Editor,48000,female,10
Assistant editor,48000,female,9
Project Coordiantor ,48000,female,8
Reporter,48000,male,7
Reporter,48000,male,7
Reporter,48000,male,7
TV Reporter MMJ,48000,male,5
Investigative Journalist,48000,male,4.5
Local editor,48000,female,3
Reporter,48000,male,3
Correspondent,48000,female,2
Assistant editor,48000,female,2
Reporter,48000,female,2
Reporter,48000,male,2
Editorial Production Assistant ,48000,female,2
Photo Editor,48000,female,1.5
Assistant Editor,48000,female,1
Reporter,48000,female,1
Associate Publishing Manager,48000,female,0
Producer   engagement editor,48500,male,12
Copywriter & Graphic Designer,48500,female,6
Reporter ,48800,male,10
associate editor,48800,female,5
Sports Reporter,49000,female,34
Marketing Coordinator,49000,female,25
Reporter Producer,49000,female,20
Production Assistant,49000,female,20
Show Producer,49000,male,10
Senior Reporter,49000,female,7
Reporter,49000,female,5
Journalist,49000,female,5
Data reporter,49000,female,3
Reporter,49000,female,3
Senior Reporter,49000,male,3
Producer,49000,female,2
Reporter,49109,female,17
Senior Associate Producer,49500,female,17
Associate Marketing Manager,49500,female,10
Reporter Editor,50000,female,24
Senior Video Producer,50000,male,20
Production Supervisor Community Relations,50000,male,20
Editor at Large,50000,male,15
Reporter editor ,50000,male,11
Reporter,50000,male,8
Managing Editor,50000,female,7
Assistant editor ,50000,female,7
Senior Staff Writer,50000,male,7
news assistant,50000,male,7
Digital Marketing Strategist,50000,female,6
Copy editor,50000,female,6
Assistant Program Director Music Director & AM Show Radio Host ,50000,female,6
Photojournalist,50000,female,5
Editor,50000,female,5
Desk assistant,50000,male,5
Producer,50000,female,5
Reporter,50000,female,5
Reporter Web Editor,50000,female,5
Reporter,50000,female,5
Freelance Opinion Columnist,50000,female,5
editor,50000,male,5
Wire copy editor,50000,male,5
Reporter,50000,female,5
Staff Writer,50000,female,4
Photographer,50000,male,4
Reporter,50000,female,4
Managing Editor of in-house creative studio,50000,female,4
Reporter,50000,female,4
Office Production Assistant,50000,male,4
Managing Editor,50000,male,4
Production Assistant,50000,female,4
Digital Producer,50000,female,3.5
Associate Marketing Manager,50000,female,3
Associate Editor,50000,female,3
Staff Reporter,50000,female,3
Reporter,50000,female,3
Associate Editor,50000,female,3
Reporter,50000,female,3
Video Editor   Motion Designer,50000,male,3
Senior News Writer,50000,male,3
Digital Editor ,50000,male,3
Associate Producer,50000,male,3
Data reporter,50000,male,3
Staff writer,50000,male,3
Associate Strategist,50000,female,2.5
Editorial Assistant,50000,female,2
Associate Editor,50000,female,2
staff writer ,50000,female,2
Digital Content Producer,50000,female,2
Social Media Director,50000,male,2
Associate Producer,50000,male,2
Associate Producer,50000,male,2
Reporter,50000,male,2
Reporter,50000,male,2
News Associate,50000,female,2
Associate social media editor,50000,female,2
Reporter,50000,female,1.5
Updates Writer,50000,female,1.5
Digital Producer,50000,female,1
Web Producer,50000,female,1
Reporter,50000,female,1
Senior Culture Writer,50000,female,1
reporter,50000,male,1
Assistant Editor Editor,50000,female,1
Associate Editor,50000,female,1
Managing Editor,50200,female,13
Correspondent ,50394,female,10
Editor,50500,female,9
Staff reporter,50500,female,5
Editor,50500,male,1
Junior Reporter,50700,male,12
Editorial Assistant,50700,female,5
Junior Reporter,50700,female,4
reporter,50750,female,3
Designer editor,51000,female,20
Staff reporter,51000,female,20
Associate Photo Editor,51000,female,10
News Director,51000,male,8
Managing Editor,51000,female,8
Editorial Assistant,51000,female,6
Associate Producer,51000,female,6
Audience engagement editor,51000,male,6
Assistant editor ,51000,female,3
Social Media Manager,51000,female,2
Senior Interactive Producer,51000,female,2
Homepage social media editor,51000,male,1
Updates Writer,51175,male,2
Senior editor,52000,female,30
Reporter,52000,female,10
Reporter,52000,female,8
Producer,52000,female,5
Reporter,52000,female,5
Audio producer,52000,female,5
Reporter,52000,male,4
Staff Writer,52000,male,3
Managing editor,52000,female,3
Managing Editor,52000,female,3
Junior Graphic Designer,52000,female,3
Statehouse Reporter,52000,female,3
Reporter,52000,male,2
Reporter,52000,female,1
Associate Producer,52500,male,10
Reporter,52500,female,2
Reporter,53000,female,40
Associate Video Producer,53000,female,28
Associate Producer,53000,male,24
Publicist,53000,female,10
Event Content Associate,53000,female,7
Reporter,53000,female,7
Editor GM,53000,female,5
Social Media Manager,53000,female,5
Digital Strategist,53000,female,4
Digital Producer,53000,male,3
Editor Designer,53000,female,2
Copy editor,53000,female,2
Associate Video Producer,53000,male,2
Assistant Managing Editor,53300,female,3
Section Editor,53360,female,3
Managing Editor,53486,female,2.5
Associate Producer,53500,female,5
Reporter Editor,54000,female,15
Business reporter,54000,male,12
Managing Editor,54000,male,9
Editor in Chief,54000,female,8
Reporter,54000,female,6
Coordinator ,54000,female,5
Sports Director,54000,male,4
Reporter,54000,female,4
Staff Writer,54000,female,2
Associate producer,54000,female,1
Senior Writer Team Leader,54080,female,10
Managing Editor,54500,female,8
Digital writer,54500,female,7
Production Development Coordinator,54600,female,6
Reporter,54690,female,6
web producer,54800,female,5
Reporter,55000,male,23
Photojournalist ,55000,male,20
Senior staff reporter,55000,male,18
Assistant editor,55000,female,16
reporter,55000,male,15
Journalist   Host,55000,male,14
Associate Editor,55000,male,13
Editor,55000,male,12
Senior Editor,55000,male,8
Podcast producer audio reporter,55000,female,8
Former Style & Grooming Editor,55000,male,7
Senior News Editor,55000,female,7
Assistant Editorial Producer,55000,female,5
Staff Writer,55000,female,5
Managing Editor,55000,female,5
Audience Engagement ,55000,female,5
Web Producer,55000,male,4.5
Associate Editor,55000,female,4
Digital Content Producer,55000,female,4
Reporter,55000,male,4
Assistant editor,55000,female,4
Reporter,55000,female,4
Associate Staff Writer,55000,female,4
Assistant producer,55000,female,4
Assistant editor,55000,female,3
Producer,55000,female,3
Managing Editor,55000,female,3
Print Editor,55000,male,3
Reporter,55000,male,3
Project Manager Art Department,55000,female,3
Reporter,55000,female,2
Reporter,55000,female,2
Reporter,55000,female,2
Account Executive,55000,female,1
reporter,55500,male,10
Multiplatform Editor  Part-time ,56000,female,10
Social Media Manager,56000,female,10
Co-Host Producer,56000,female,8
News Assistant,56000,male,8
Associate Staff Writer,56000,male,7
Reporter,56000,male,6
Graphics Intern,56000,male,5
Journalism Teacher,56000,male,4
Section Editor,56000,female,4
Social Media Editor,56000,female,4
News Assistant,56000,female,4
Reporter ,56000,female,3
Reporter,56000,male,3
Staff Reporter,56000,male,3
Reporter,56000,female,3
Digital editor,56000,female,2
Reporter,56000,female,2
Associate Partnerships Manager,56000,female,2
staff writer,56000,female,1
Reporter,56000,male,1
assistant producer,56000,male,1
Reporter,56100,female,6
Marketing Coordinator,56500,female,6
Content Producer,56500,female,4
Promotions Producer,56625,female,3
Writer  reporter ,56800,male,3.5
Digital Producer,57000,female,18
Staff Writer,57000,female,18
Homepage Producer,57000,male,16
Editor,57000,female,8
Senior reporter,57000,female,7
Photo Editor,57000,female,5
Reporter,57000,female,5
Editorial Assistant,57000,female,4.5
Digital Asset Management Specialist,57000,female,4
Senior writer,57000,male,3
Reporter,57000,male,3
Associate Video Producer,57000,male,2
Reporter,57000,female,1.5
Staff Editor,57500,female,12
Reporter,57500,female,8
Digital Producer,57500,female,8
Associate Photo Editor,57500,male,2
Staff Writer,57600,female,7
CONTENT PRODUCER,57600,female,5
Assistant Video Editor,57980,female,5
Associate Producer Podcasts,58000,male,27
Staff Writer,58000,female,19
Reporter ,58000,male,8
Reporter,58000,female,6
associate editor,58000,female,4
Senior Reporter,58000,female,4
Associate Producer,58000,female,4
Reporter,58000,female,4
,58000,female,4
Digital Media Manager,58000,female,4
Designer,58000,male,4
Bureau Chief,58000,female,3
Reporter,58000,female,3
Sports editor ,58000,female,3
Staff Writer,58000,female,3
Staff writer,58000,female,3
Producer,58000,female,2
Reporter,58000,female,2
Reporter,58000,female,2
Reporter,58000,female,2
Engagement Reporter,58000,female,2
Staff Writer,58000,female,2
Associate Photo Editor,58000,male,2
Reporter,58000,female,1
Assistant Snapchat Editor,58500,female,30
Associate Producer,58500,female,30
News Writer,58500,female,12
Associate Editor,58500,male,10
Assistant Visuals Editor,58500,female,10
Assistant Fashion Editor,58500,female,7
Sales Planner,58500,female,4
Digital Producer,58500,female,3
Managing Editor,58500,female,3
Staff Writer,58500,female,3
Associate Editor,58500,female,3
Junior Motion Graphics Designer,58500,female,3
Senior Editor,58500,female,2
Associate E-commerce Editor,58500,female,2
Ecommerce Writer ,58500,female,1.5
Social Media Editor,58500,female,1.5
Associate Digital Editor,58500,female,1
Art Director & Senior Motion Graphics Designer ,58600,male,9
Social Media Specialist,58800,female,17
Legal reporter,59000,male,15
Senior writer,59000,male,15
Reporter,59000,male,11
Magazine editor,59000,female,10
Editor,59000,female,6
Reporter II,59000,female,6
Managing Editor,59000,female,6
Audit Staff,59000,female,5.5
Staff writer,60000,female,14
Senior Editor,60000,male,10
Desk Editor,60000,male,9
Producer,60000,male,8
Art Director,60000,male,8
Social Media Strategist,60000,female,8
News Assistant,60000,female,8
Writer,60000,male,7
Associate Producer,60000,male,7
Digital Editor,60000,male,6
Social Media Producer,60000,female,6
Staff writer,60000,female,5
Assistant Editor,60000,female,5
Automotive Shop Owners,60000,female,5
Freelance Reporter,60000,female,5
Digital Editor,60000,female,5
visuals editor,60000,female,5
Associate editor,60000,female,5
Designer,60000,female,5
Staff reporter,60000,male,5
Research Analyst,60000,female,5
Entry-level reporter,60000,female,5
Associate Producer,60000,male,4.5
Reporter,60000,male,4
Reporter,60000,male,4
Reporter,60000,female,4
Reporter,60000,female,4
Staff Writer,60000,male,4
Associate Producer,60000,male,4
Editor  Copy editor ,60000,female,3
Reporter editor,60000,female,3
Sex & Relationships Editor,60000,female,3
Social Media Editor,60000,female,3
Assistant Marketing Manager,60000,female,3
Digital producer,60000,female,3
Reporter,60000,female,3
Associate Editor,60000,female,3
Reporter,60000,male,3
Reporter,60000,male,3
Breaking news reporter,60000,female,3
Reporter,60000,female,3
Reporter,60000,male,2.5
Copy Editor,60000,female,2
Associate Editor,60000,female,2
Graphic Designer,60000,female,2
Associate Producer,60000,female,2
Investigative Reporter,60000,female,2
Director of Content,60000,male,2
Reporter,60000,female,2
Data Journalist,60000,female,2
Associate Editor,60000,female,2
Staff Writer,60000,female,2
Producer,60000,female,2
Associate Editor,60000,female,2
Editor,60000,male,2
Associate Editor,60000,male,1.5
Digital Designer,60000,female,1.5
Content Partnerships Coordinator,60000,female,1.5
Associate Editor,60000,male,1
Assignment Editor,60000,female,1
Social Media Coordinator,60000,female,1
social designer,60000,male,1
Writer,60000,female,0
Publicity Manager,60400,female,3
Copy editor and page designer,60480,female,2
Associate Analyst,60500,female,25
Assistant Editor,60500,female,6
Marketing Solutions Strategist,60500,female,3
Correspondent,61000,female,10
Senior Editor,61000,female,10
Senior Fashion Editor,61000,female,9
Senior Publicist,61000,female,6
Editor,61000,female,6
Reporter,61170,male,13
Audience Engagement Editor,61400,male,18
Reporter,61700,female,5
Staff Reporter,61800,male,18
Investigative Reporter,62000,male,22
Photo Editor,62000,female,21
beat reporter,62000,female,15
Designer,62000,female,14
Digital Investment Specialist,62000,female,14
Producer,62000,male,10
Production Assistant,62000,male,9
Associate Producer,62000,female,9
Staff Writer,62000,male,8
Reporter,62000,female,5
Photo editor,62000,male,5
Production Manager,62000,male,5
Writer,62000,male,5
Digital photo editor,62000,female,5
Assistant Editor,62000,female,4.5
Assignment Editor,62000,female,4
Deputy Editor,62000,female,4
staff writer,62000,female,3
Multi-media Journalist,62000,female,3
Audio Producer,62000,female,3
Reporter,62000,male,3
Reporter,62000,female,2
Video Production Manager,62000,male,2
Senior reporter Editor,62000,female,2
Associate Producer,62400,female,8
Associate Entertainment Editor,62500,female,8
Staff Writer,62500,male,7
Social Media Editor,62500,female,4.5
Publisher,62500,male,4
Producer,63000,female,24
Writer,63000,female,20
Reporter,63000,male,14
Platform Editor,63000,female,9
Section editor,63000,female,8
Social News Producer,63000,female,7
Associate Producer,63000,female,6
Reporter,63000,male,5
Associate Editor,63000,female,4
Senior Editor,63000,female,4
Associate Producer,63000,female,4
Editor-in-Chief,63000,male,4
Online Content Manager,63000,female,3
Editor,63000,female,3
Associate Editor  commerce ,63000,female,3
Reporter ,63000,female,3
Digital Producer,63000,male,3
News editor,63000,female,2
Associate Producer,63080,female,9
Audience Engagement,63300,female,5
Associate Producer Animation,63700,female,5
Reporter,63750,female,4
Criminal Justice Reporter,63800,female,3
Staff writer editor,64000,female,25
Social Media Editor,64000,male,20
Editor Writer,64000,male,15
Writer,64000,male,15
Staff Writer,64000,female,10
social media editor,64000,female,10
Associate Producer ,64000,female,10
Reporter,64000,male,9
Audience Engagement Editor,64000,female,9
Associate digital editor,64000,female,5
Reporter   Producer,64000,female,4
Producer,64000,female,3
Reporter,64000,female,3
Communications & Marketing Manager,64000,female,3
Production Specialist,64000,female,2
Executive editor,64000,female,2
Associate Producer,64200,male,8
Senior Reporter,64200,male,8
Reporter,64250,female,9
General Assignment Reporter,64668,female,9
General assignment reporter,64872,female,9
Managing Editor,65000,male,17
Associate Editor,65000,female,15
Editor Snapchat,65000,female,15
Photo Editor,65000,male,14
associate producer,65000,female,13
Staff Writer,65000,male,10
Reporter,65000,female,8
Staff Writer,65000,male,8
Audience Editor,65000,female,8
Reporter,65000,female,6
Staff writer,65000,female,6
National Reporter,65000,female,6
Senior Editor,65000,female,6
Associate Writer,65000,female,6
State beat reporter,65000,female,6
Reporter,65000,female,6
Senior Editor,65000,male,5
Assignment Editor,65000,male,5
Reporter,65000,female,5
Sr. Digital Editor,65000,female,5
Audience and Growth Manager,65000,female,5
Staff writer,65000,female,5
Staff writer,65000,female,5
Editor,65000,female,5
Editor,65000,female,5
Online Engagement Manager,65000,female,5
Reporter,65000,male,4.5
Digital producer,65000,male,4
Social Media Editor,65000,female,4
Senior Social Editor,65000,female,4
Sportswriter,65000,male,4
Digital Editor ,65000,female,4
Photojournalist,65000,female,3.5
Associate Producer,65000,female,3.5
Reporter,65000,female,3
Program Manager,65000,female,3
Senior Editor,65000,female,3
Video Senior Producer,65000,male,3
Researcher,65000,female,3
Digital Multimedia Journalist,65000,female,3
Vertical Managing Editor,65000,female,3
Editorial Researcher,65000,female,3
Digital Producer,65000,female,3
Multiplatform editor,65000,male,2
Multimedia Producer,65000,female,2
Producer,65000,female,2
Reporter,65000,female,2
Program Manager,65000,female,2
Reporter,65000,female,2
News Assistant ,65000,female,2
Associate Video Journalist,65000,female,2
Content Strategy Manager,65000,female,1
Social Media Producer,65300,male,20
Producer,66000,male,20
Staff editor,66000,male,12
Reporter,66000,female,8
Writer,66000,female,8
social and online editing,66000,female,7
Senior Associate News Editor,66000,female,6
Reporter,66000,female,5
Editorial Curator,66000,female,5
Staff Writer,66000,female,4
Designer Developer,66800,male,9
Deputy Editor,66800,female,3
Senior Writer,67000,male,15
Assistant Marketing Manager,67000,female,10
Reporter,67000,female,10
Communications and media relations,67000,female,9.5
Staff Writer 2,67000,female,8
Video producer,67000,female,8
Reporter,67000,male,7
Associate Editor,67000,female,7
Producer,67000,female,7
IT Tech Support III,67000,male,5
News Leader,67000,male,5
Assistant Opinion Editor Opinion Writer,67000,female,3
Audience,67000,female,2
Producer,67300,female,5
Reporter,67500,female,5
Reporter,67500,male,5
Reporter,67500,female,4
Staff writer,68000,female,14
Associate digital line producer,68000,male,11
Legal Reporter  Courts Coverage ,68000,female,11
Editorial Assistant,68000,female,10
Reporter,68000,female,7.5
staff writer ,68000,female,7
Associate Photo Editor,68000,female,6
Photo editor,68000,male,5
Staff Writer,68000,male,5
Legal reporter,68000,female,5
Audience Engagement Editor,68000,female,5
Producer,68000,male,4
Producer,68000,male,4
wellness editor,68000,female,3
Content Director,68000,female,2
Senior Editor,68000,female,2
Reporter,68000,female,2
Social Media Manager,68000,female,2
Editor Staff Writer,68000,female,2
Audience Engagement Editor,68000,female,2
Social Media Producer,68500,male,16
Tv News Photographer,69000,female,12
Reporter,69000,female,10
Content Producer Writer & Coordinator,69000,female,10
Editor,69000,female,9
Senior Writer,69000,female,8
associate producer ,69000,female,7
Fact Checker,69500,male,14
Reporter Editor,69805,male,10
Reporter,69950,female,6
Assistant Producer,70000,male,20
Assistant Producer,70000,female,13
Associate Producer ,70000,female,12
Staff Writer,70000,female,11
Staff Writer,70000,male,10
Reporter,70000,female,10
News Editor,70000,female,10
Design director,70000,male,8
Head of Digital,70000,male,8
Associate Producer,70000,male,8
News Applications Developer,70000,female,8
Producer,70000,male,7
Editor,70000,male,7
Producer,70000,female,6
Editor in Chief,70000,male,6
Associate Producer  this title is meaningless and devalues my contributions ,70000,male,6
Account Manager,70000,female,6
Research Editor,70000,female,5
Reporter,70000,female,5
Senior Editor,70000,female,5
Reporter,70000,female,5
Digital Manager Editor,70000,male,5
reporter,70000,male,5
Writer,70000,male,5
Reporter,70000,male,5
Producer,70000,female,5
Senior editor,70000,female,4
Sr Media Planner,70000,female,4
Gear Writer,70000,female,4
Editor,70000,female,4
Senior Editor Reporter,70000,female,4
Senior Editor,70000,female,4
Editor,70000,male,4
Associate Editor,70000,male,4
Associate Digital Producer,70000,male,4
News Curation Editor,70000,female,3.5
Producer,70000,male,3
Digital Photo Editor,70000,female,3
Director,70000,male,3
Photo Editor,70000,female,3
Senior Editor,70000,female,3
Commerce editor,70000,female,3
Culture Writer,70000,female,3
Senior Staff Writer,70000,male,3
Producer,70000,male,3
Multimedia Journalist,70000,female,3
Director of Editorial,70000,female,1
Associate Producer,70000,female,1
Audience Engagement Editor,70500,male,17
Junior Reporter,71000,male,9
Senior editor,71000,female,7
Producer,71000,female,7
Senior Marketing Manager,71000,female,5
Senior Producer,71000,female,5
Staff Writer ,71000,female,2
Associate Editor ,71000,female,2
Editor,71000,female,1.5
Senior Editor,72000,female,10
Editor ll,72000,female,8
Senior Reporter,72000,male,7
Reporter,72000,female,7
Booking Producer,72000,female,7
Copy editor slot editor,72000,male,6
Editorial Director,72000,male,6
Multimedia producer,72000,male,6
Producer,72000,female,6
Social Audience,72000,male,6
Beat Reporter,72000,male,6
Digital managing editor,72000,male,5
Reporter,72000,female,4
News Curation Editor,72000,male,4
Writer,72000,female,4
Project Manager ,72000,female,3.5
Video Producer ,72000,female,3
Producer,72100,male,8
News Producer,72410,female,3
Reporter,72500,female,7
Associate Editor,72500,female,7
Account Manager,72500,female,5
Assistant Art Director,72500,female,4
Reporter,73000,male,15
Producer,73000,female,15
senior editor,73000,male,12
Reporter,73000,female,10
Associate Editor,73000,male,5
Afternoon Editor,73000,female,4.5
Senior editor,73000,female,4
Senior Reporter,73000,female,2
Lead video producer ,74000,female,10
Reporter,74000,female,10
Lead Producer,74000,female,10
Social Media Manager,74000,female,9
Digital Producer,74000,female,9
Senior News Assistant,74000,female,9
Producer,74000,male,8
Reporter,74200,female,8
assistant audience editor,75000,male,30
Senior Editor,75000,female,25
Communications Specialist,75000,female,25
Senior Social Manager,75000,male,15
Teacher,75000,male,14
graphic designer,75000,male,10
Video Producer,75000,female,9
Commerce Editor,75000,male,8
senior digital editor,75000,female,7
Data Reporter,75000,male,7
Reporter,75000,female,7
Senior editor ,75000,female,7
Reporter  politics ,75000,female,7
Producer Editor,75000,female,7
Reporter,75000,female,7
Senior Editor,75000,female,7
Social Media Editor,75000,male,6
Reporter,75000,female,6
Senior Editor,75000,female,6
Producer,75000,female,6
Video journalist editor,75000,female,6
Media Strategy Supervisor,75000,female,6
Ops Manager,75000,female,6
Podcast Radio Host,75000,male,5
Digital Editor ,75000,female,5
Senior Editor,75000,female,5
Staff writer,75000,female,5
Editor,75000,female,5
Photo Editor,75000,female,5
Staff Writer,75000,female,5
Video Producer,75000,male,4
Associate Director,75000,female,4
Supervising Producer,75000,female,4
Associate Editor,75000,female,4
Associate Producer,75000,female,4
Producer,75000,male,3
Senior Political Editor ,75000,female,3
Producer,75000,female,3
Reporter & editor,75000,female,3
Senior Beauty Editor,75000,female,3
Producer,75000,female,3
Senior writer,75000,female,3
Video Editor,75000,male,2
Senior Reporter,75000,male,2
Staff Writer,75000,female,2
senior editor,75000,female,2
Assistant editor audience,75000,male,2
Social media,75000,male,1.5
Assistant editor,75000,male,1.5
Senior Editor,75712,female,15
Fellow,76000,male,20
Staff Writer,76000,male,15
Senior copy editor,76000,female,12
Senior Editor,76000,male,10
Viral news editor,76000,female,10
Senior Editor,76000,female,8
Digital producer,76000,female,8
Video Journalist,76000,female,8
Producer,76000,female,6
Social Manager,76000,female,6
Project editor managing editor digital,76500,female,6
Senior Photo Editor,77000,male,16
Staff editor,77000,female,13
Multimedia producer ,77000,female,12
Africa Business editor,77000,male,10
Editorial Producer  booker ,77000,female,8
Reporter,77000,female,6
Senior Editor,77000,female,5
Senior Editor,77000,female,5
Executive Producer,77000,female,5
Senior Social Media Manager,77000,female,4
Digital and Social Media Producer Editor,77000,female,4
staff writer,77000,female,4
Reporter,77000,female,2.5
Supervising Producer,77000,female,2
Writer,77500,female,19
Digital Editor,77500,female,7
Staff Photographer,77500,male,6
Senior Photo Editor,78000,female,17
Markets reporter editor,78000,female,15
Reporter,78000,female,12
Producer ,78000,male,10
Producer,78000,female,10
Video Producer Editor,78000,male,8
Editor,78000,male,7
Senior Staff Writer,78000,male,6
Show Producer,78000,male,5
freelance longform writer,78000,male,3
Reporter,78000,male,3
Copy Chief,78500,female,9
Reporter,78500,male,7
Senior Food Editor,78600,female,9
Reporter,79000,male,23
Digital Producer,79000,male,14
National Correspondent,79000,male,11
Senior Staff Writer,79000,male,10
Content Producer,79000,female,9
Senior Photo Editor,79606,female,8
Senior Reporter,80000,female,25
Reporter,80000,female,23
Reporter,80000,male,15
Video Producer Editor,80000,female,14
Animator,80000,female,13
Graphic Designer,80000,male,11
Staff Writer,80000,male,10.5
Information specialist,80000,female,10
Photo Editor,80000,female,10
Senior Editor,80000,female,9
Reporter,80000,male,9
Editor,80000,male,8
Editor,80000,male,8
Senior Producer,80000,male,7
Reporter,80000,female,7
Editor,80000,female,7
senior online producer,80000,female,7
[tech] editor,80000,female,7
Congressional Reporter,80000,male,7
Senior Visuals Editor,80000,male,6
Senior Writer,80000,male,6
Coordinating Producer,80000,female,6
Producer,80000,female,6
Team leader   editor,80000,female,6
Reporter,80000,female,5
Senior Producer,80000,male,5
Senior Staff Writer,80000,female,5
Associate editor,80000,female,5
Senior Editor,80000,female,5
Reporter ,80000,female,5
Producer,80000,female,4.5
Desk Editor,80000,male,4
Designer,80000,female,4
Reporter,80000,female,4
Associate Producer,80000,female,4
Senior Reporter,80000,male,3
Assignment Editor,80000,female,3
Reporter,80000,female,2
Senior Staff Writer,80500,female,12
Senior Staff Writer,80500,male,9
Senior Reporter,80620,female,9
Senior Video Strategist,81000,female,12
Photo Editor,81000,female,6
Senior Staff Writer Editor,81000,male,6
Assignment Editor,81000,female,5
Graphics Reporter,81000,female,5
Digital Producer,81000,male,4
Creative Project Manager,81000,female,4
Senior Editor,81500,male,4
Developer,82000,male,17
Senior Editor,82000,female,16
Associate Video Producdre,82000,male,13
Radio Morning Personality,82000,female,10
senior reporter,82000,female,10
Senior Reporter,82000,female,9
Reporter,82000,male,8
Assoc. editor,82000,male,8
Senior Editor,82000,female,7
Reporter,82000,female,6
Supervising Producer,82000,female,6
Senior Reporter,82000,female,4
Director of Production,82400,female,5
Senior editor,82500,male,11
Reporter,82500,female,4
Senior Editor,82500,female,4
Staff Editor,83000,female,15
Senior Producer,83000,male,8
Video Producer,83000,female,4
Production Coordinator,83200,female,7
Managing Editor,84000,female,21
Managing Editor Digital,84000,female,10
Writer,84000,female,10
Multiplatform editor,84000,female,10
Staff Writer,84000,female,10
Reporter,84000,male,6
Manager Analytics,84150,female,9
reporter,84600,female,9
Reporter,84800,female,8
Reporter,85000,female,40
Reporter,85000,female,20
Deputy Editor,85000,male,16
Senior Social Strategist,85000,male,10
Editorial Operations Manager,85000,male,10
Staff Writer,85000,female,8
Editorial director,85000,female,8
Digital Editor,85000,male,8
Staff Writer,85000,female,8
Copy Editor,85000,female,8
Senior Editor,85000,female,7.5
Multimediaproducer ,85000,male,7
Senior Editor,85000,female,6
Global Media Manager,85000,female,6
Reporter,85000,male,5
Staff Writer,85000,male,5
Producer,85000,male,5
Editor in Chief,85000,female,5
Reporter,85000,female,5
Deputy Entertainment Editor,85000,female,5
Editor,85000,female,5
PR Manager,85000,female,5
Freelance Travel Writer,85000,female,5
Reporter,85000,female,4
Video Producer,85000,male,4
Reporter,85000,female,4
Senior Digital Designer,85000,male,3.5
Digital Line Producer,85000,male,3
Senior Social Producer,85000,female,2
Senior Editor,85000,female,2
Senior Staff Writer,85116,male,14
Project manager,85400,female,10
Lead Editor,85500,male,5
WordPress Developer,86000,male,19
Assistant Managing Editor,86000,female,18
Reporter,86000,male,11
Graphics Reporter,86000,female,10
Deputy Editor ,86000,female,6
Writer Editor,86000,female,6
Reporter,86000,female,2.5
Researcher   Editor,86500,female,5
Digital Marketing Manager,87000,female,12
Staff Writer,87000,female,10
Producer,87000,female,5
associate producer,87500,female,36
Video Producer,87500,female,25
Reporter ,87500,female,20
Reporter,87500,male,8
Story Editor,87980,female,18
Graphics reporter,88000,male,39
Executive Editor,88000,female,14
Field Producer,88000,female,11
Senior Editor,88000,female,10
Writer,88000,male,9
Digital editor ,89000,male,20
Reporter,89000,male,15
Senior Writer,89000,female,10
Reporter,89000,female,9
Reporter,89000,female,8
News Developer,89000,male,7
Photographer,89050,male,11
Reporter,89250,male,10
Staff Writer,90000,male,25
Staff Writer,90000,female,14
Producer,90000,female,12
Art Director,90000,female,10
Data Journalist,90000,male,9
Newsroom Developer,90000,male,9
Senior Video Producer,90000,male,8
Senior editor,90000,female,8
Deputy Editor,90000,male,7
Assistant editor,90000,female,7
Senior Reporter,90000,male,7
Senior Editor,90000,female,7
Correspondent,90000,female,6
Multimedia Storyteller,90000,female,6
Section Editor,90000,female,6
Deputy news editor,90000,male,6
Senior audience engagement manager,90000,female,6
Marketing Manager ,90000,female,6
Journalist,90000,female,6
Media + Photo Teacher ,90000,female,5
Editorial Director,90000,female,5
Reporter,90000,female,5
Producer,90000,female,5
Director Pre-Sales Marketing,90000,female,5
Associate Director Brand Marketing,90000,female,5
Data reporter,90000,male,5
Video Producer,90000,female,4
Editor in Chief,90000,male,3
Producer,90000,female,3
Deputy editor,90000,male,2.5
Senior Editor,91000,female,15
Program Director,91000,male,13
Correspondent,91000,female,10
Opinion Writer,91000,female,8
Deputy Section Editor,91000,female,4
Senior Editor,92000,female,10
Senior Editor,92000,male,9
Audio Producer,92000,female,9
Account Director Team Lead,92000,female,8
Graphics reporter,92000,male,6
Senior Editor,92500,male,13
Assistant editor,92500,male,10
Senior Editor,92700,male,35
Senior Video Producer,93000,male,16
Editor,93000,male,15
staff writer,93000,female,8
Senior Editor,93000,female,7
Journalist,93000,female,7
Reporter,93500,female,5
Multiplatform Editor,94000,male,10
Producer,94500,female,4
senior reporter,95000,male,45
staff writer,95000,female,18
Senior editor,95000,male,17
Manager of Audience Development,95000,male,15
Video Producer,95000,female,15
Director of Social Media,95000,female,15
Senior Editor,95000,male,12
Director of Marketing,95000,male,12
Reporter,95000,male,10
digital journalist editor,95000,female,10
Superivisng Producer ,95000,female,10
Photo Editor,95000,male,9
Reporter,95000,male,9
Writer reporter,95000,male,9
Graphics Editor,95000,female,9
Reporter,95000,female,9
Deputy Editor,95000,male,8
Reporter,95000,female,8
senior writer,95000,female,7
Staff Writer,95000,female,7
Director,95000,female,4
Editor,96000,female,8
Video Producer,97000,male,10
Senior Editor,97000,female,8
Digital Editor,97300,male,10
Mid-Level Reporter,98000,female,8
Senior writer,99000,female,6
Audience Development Senior Manager,99000,female,6
Reporter,100000,female,40
Reporter,100000,male,15
Editor and reporter,100000,male,10
Reporter,100000,male,10
Creative Director Branded Content,100000,female,10
Photo Editor  freelance ,100000,female,10
Senior Video Producer,100000,female,10
Graphics reporter,100000,male,10
Section editor,100000,female,10
Reporter,100000,female,9
Revenue Operations,100000,female,9
Senior Photo Editor,100000,male,8
Senior Writer,100000,male,8
Senior Producer,100000,male,7
Features Editor,100000,female,6
senior writer,100000,female,6
Content Director,100000,female,5
Reporter,100000,male,5
Editor in Chief,100000,male,5
Editor I ,100000,female,3
Producer,100000,male,3
Reporter,100000,female,3
Senior Podcast Producer,100000,female,3
Data journalist,100800,male,20
Editor,101000,male,17
Producer ,101000,male,7
Senior Correspondent,101000,male,5
Multimedia Content Creator  Union ,102000,male,20
Photo Editor,102000,female,13.5
Deputy editor,102000,female,10
Senior Art Director,102000,male,9
Reporter,102800,male,8
Staff reporter,103000,female,13
Staff writer,103000,female,9
Data journalist,103000,male,8
Staff Editor,103000,female,8
Reporter,103000,female,7
Associate Editor,103000,male,4
Graphics Editor,103300,female,15
Editor,104000,female,15
Reporter,104000,female,10
Senior correspondent,105000,male,15
Staff photographer,105000,male,10
Senior Editor ,105000,female,10
Senior Reporter,105000,female,10
Editor,105000,male,7
Editor   Animator,105000,male,5
Senior Editor,106000,male,21
Senior Producer,106000,female,10
Web Services Project Officer,107000,male,20
Marketing Director,107000,female,10
Senior Editor,107000,female,8
Senior Associate Manager,107000,female,7
Content strategist,109000,female,7
Reporter,109000,female,6
Graphics Editor,110000,female,25
Senior Editor Design and Delivery,110000,male,16
Sr. Video Producer,110000,female,15
Section Editor,110000,female,13
Freelance Reporter,110000,female,12
Reporter,110000,male,11
Editor,110000,female,10
enterprise reporter,110000,female,10
Field Producer,110000,female,9
Senior Social Manager,110000,female,8
Senior reporter,110000,female,8
Creative Director,110000,female,6
Senior reporter ,110000,female,5
Senior Writer,110000,female,5
Editor in Chief,110000,female,4
Senior Producer,113000,female,8
Sr. Graphic Designer,113000,female,8
Senior Correspondent,113300,male,10
Editor Submission Manager,114000,female,8
Senior Producer,115000,male,30
Reporter,115000,female,20
Executive Producer,115000,male,15
Director Brand Marketing,115000,female,12
Editor,115000,male,11
Producer,115000,male,10
Senior Reporter and Editor,115000,male,8
Photographer,115000,male,7
Managing Editor,115000,female,7
Editor,115000,female,5
Staff Editor,116000,female,15
Associate Director Audience Development,116000,female,10
Staff Writer,116000,male,5
Foreign Correspondent,117000,female,10
Reporter,118000,male,3
Art Director,120000,male,30
Staff Report,120000,male,25
Editor-at-large,120000,female,16
Healthcare Journalist,120000,male,14
Director Media Relations,120000,male,12
Reporter,120000,female,8
Reporter,120000,female,8
Metro reporter,120000,female,7
Content marketing manager ,120000,female,7
Editor,120000,male,4
Head of Social Media,120999,male,20
Deputy Head of Department,121000,male,18
Graphics Editor reporter ,122000,female,15
Senior Editor,122000,female,10
Editor ,122500,male,12
Reporter,123000,female,25
Senior Producer,123000,female,25
Staff editor,125000,male,20
Digital Editor,125000,female,20
Reporter,125000,male,20
Senior video producer,125000,male,18
Senior Editor,125000,female,18
Deputy section editor,125000,female,15
Editor in Chief,125000,female,15
Senior Editor,125000,female,12
Co-Founder Publisher,125000,male,10
Editorial Director,125000,female,10
Visual journalist,125000,female,9
Shareholder Relations,125000,male,7
Data Reporter,125000,male,5
Writer,125000,male,3
Editor reporter,126000,male,4
Senior Writer,127000,female,8
Photo Editor,127000,male,8
Reporter,128000,female,8
Correspondent,129000,female,8
Marketing Director ,130000,female,25
Executive Editor,130000,female,20
Freelance Writer Editor Content Strategist,130000,female,20
Director of Audience Development,130000,female,20
Post Production Supervisor,130000,female,20
photography director,130000,female,19
reporter,130000,female,18
Director Social Media & Partnerships,130000,male,15
Senior Managing Editor ,130000,male,13
Deputy Editor  Department ,130000,male,10
head of content,130000,female,10
Photo Director,130000,female,10
Director of audience development ,130000,female,10
Site director,130000,female,8
Bureau Chief,130000,female,8
Senior Correspondent,130000,male,7
Senior Editor,130000,female,2
Staff Editor Photo,132000,male,9
Reporter,133000,male,20
Freelance Writer & Editor,135000,female,25
Freelance writer,135000,female,22
Senior editor,135000,female,20
Assistant Editor,135000,male,20
Reporter,135000,female,15
Head of Planning,135000,female,8
Reporter,137500,female,15
senior editor,138000,male,12
Correspondent,140000,female,40
sr editor ,140000,female,20
Senior Editor and Writer,140000,male,10
Reporter,140000,male,7
editor in chief,140000,female,3
Supervising Producer,143000,female,10
Director  Major Section  ,145000,female,24
Reporter,145000,female,22
Senior Producer,145000,male,20
Reporter,145000,male,14
Sr. Managing Director,145000,male,13
Line Producer,145000,male,13
Reporter,145000,male,10
Deputy Editor  Major Section  ,145000,female,9
Photo Director,147000,female,20
Video Editor,149000,male,4
Editor-in-chief,150000,male,30
Editor in Chief,150000,female,25
Deputy editorial director,150000,female,18
Sr. Visual Editor,150000,male,10
Staff writer,150000,male,10
Senior Editor,150000,female,1.5
Director Social Media Partnerships,160000,male,27
Deputy Editor,160000,male,4
Video editor and motion graphics,165000,female,30
Senior director content,165000,male,25
Blogger,175000,male,40
Head of Engagement Staffing,175000,male,40
Deputy National Editor,175000,female,25
Managing Editor,175000,male,25
Senior Producer,180000,female,20
Deputy Off-Platform Editor,180000,female,3
Senior Writer,180000,female,
Graphics Director,180000,female,
Vice President Communications,185000,female,10
Senior Reporter,185000,female,9
Editorial Director ,190000,female,
Editor,192000,male,20
Executive Director,200000,female,24
Editor in Chief,200000,female,22
Columnist,200000,male,20
Senior Reporter Team Leader,200000,female,20
Senior Editor,210000,male,14
Reporter,220000,female,1.5
Lead Anchor,225000,female,25
Senior editor,235000,male,14
Section Department Editor  ret ,236000,male,2
editorial director,245000,female,18
Director,250000,male,
senior reporter,280504,male,
Editor in Chief,368249,female,30
Editor in Chief,375000,male,
Editor,400000,female,25
President and CEO,500000,male,
President and CEO,500000,male,
Producer,1000000,male,